{"cameraMode":{"drawMode":0,"name":"Shaded","section":"Shading Mode"},"sceneLighting":true,"audioPlay":false,"sceneViewState":{"m_AlwaysRefresh":false,"showFog":true,"showSkybox":true,"showFlares":true,"showImageEffects":true,"showParticleSystems":true,"showVisualEffectGraphs":true,"m_FxEnabled":true},"in2DMode":false,"pivot":{"x":-1.449152946472168,"y":7.281092643737793,"z":12.168782234191895},"rotation":{"x":0.011519377119839192,"y":0.979786217212677,"z":-0.19078001379966737,"w":0.059153079986572269},"size":2.6553633213043215,"orthographic":false}