{"cameraMode":{"drawMode":0,"name":"Shaded","section":"Shading Mode"},"sceneLighting":true,"audioPlay":false,"sceneViewState":{"m_AlwaysRefresh":false,"showFog":true,"showSkybox":true,"showFlares":true,"showImageEffects":true,"showParticleSystems":true,"showVisualEffectGraphs":true,"m_FxEnabled":true},"in2DMode":false,"pivot":{"x":-1.2910782098770142,"y":-5.993290901184082,"z":-23.7257022857666},"rotation":{"x":0.0009023650200106204,"y":0.9821279048919678,"z":-0.18818004429340363,"w":0.004715029615908861},"size":17.37912368774414,"orthographic":false}