{"cameraMode":{"drawMode":0,"name":"Shaded","section":"Shading Mode"},"sceneLighting":true,"audioPlay":false,"sceneViewState":{"m_AlwaysRefresh":false,"showFog":true,"showSkybox":true,"showFlares":true,"showImageEffects":true,"showParticleSystems":true,"showVisualEffectGraphs":true,"m_FxEnabled":true},"in2DMode":false,"pivot":{"x":-1.9957847595214844,"y":6.9994049072265629,"z":-0.13322067260742188},"rotation":{"x":0.2338634580373764,"y":0.7656461000442505,"z":-0.4076979160308838,"w":0.43918582797050478},"size":12.492424964904786,"orthographic":false}